epoch,loss
1,0.34601036810687485
2,0.1566949335278383
3,0.10835271959961541
4,0.08214943284250256
5,0.0660095830723
