epoch,loss
1,0.33891949566728524
2,0.15609609201423394
3,0.10693569825704037
4,0.08123705972895534
5,0.06372496846026734
